type,name
top,ipm_ID1000500B
file,./ipm_ID1000500B.v
file,./basic_blocks/convolution_coprocessor_substractor.sv
file,./basic_blocks/convolution_coprocessor_not.sv
file,./basic_blocks/convolution_coprocessor_mux.sv
file,./basic_blocks/convolution_coprocessor_mult.sv
file,./basic_blocks/convolution_coprocessor_and.sv
file,./../basicblocks/aip/aipModules.v
file,./../basicblocks/memories/simple_dual_port_ram_single_clk.v
file,./../basicblocks/ipm/ipm_register.v
file,./../basicblocks/ipm/ipm.v
file,./src/ID1000500B_aip.v
file,./basic_blocks/convolution_coprocessor_register.v
file,./simulation/simple_dual_port_ram_single_clk_sv.sv
file,./../basicblocks/memories/convolution_coprocessor_simple_rom_sv.sv 
file,./../basicblocks/arithmetic/convolution_coprocessor_realAdder.v
file,./../basicblocks/arithmetic/convolution_coprocessor_comparatorLessThan.sv
file,./src/convolution_coprocessor_fsm.sv
file,./src/ID1000500B_convolution_coprocessor.v
file,./src/ID1000500B_convolution_coprocessor_core.sv
file,./simulation/ID1000500BTB.v
